Cement (component 1)(kg in a m^3 mixture),Blast Furnace Slag (component 2)(kg in a m^3 mixture),Fly Ash (component 3)(kg in a m^3 mixture),Water  (component 4)(kg in a m^3 mixture),Superplasticizer (component 5)(kg in a m^3 mixture),Coarse Aggregate  (component 6)(kg in a m^3 mixture),Fine Aggregate (component 7)(kg in a m^3 mixture),Age (day),"Concrete compressive strength(MPa, megapascals) "
540 ,0 ,0 ,162 ,3 ,1040 ,676 ,28 ,80 
540 ,0 ,0 ,162 ,3 ,1055 ,676 ,28 ,62 
333 ,143 ,0 ,228 ,0 ,932 ,594 ,270 ,40 
333 ,143 ,0 ,228 ,0 ,932 ,594 ,365 ,41 
199 ,132 ,0 ,192 ,0 ,978 ,826 ,360 ,44 
266 ,114 ,0 ,228 ,0 ,932 ,670 ,90 ,47 
380 ,95 ,0 ,228 ,0 ,932 ,594 ,365 ,44 
380 ,95 ,0 ,228 ,0 ,932 ,594 ,28 ,36 
266 ,114 ,0 ,228 ,0 ,932 ,670 ,28 ,46 
475 ,0 ,0 ,228 ,0 ,932 ,594 ,28 ,39 
199 ,132 ,0 ,192 ,0 ,978 ,826 ,90 ,38 
199 ,132 ,0 ,192 ,0 ,978 ,826 ,28 ,28 
428 ,48 ,0 ,228 ,0 ,932 ,594 ,270 ,43 
190 ,190 ,0 ,228 ,0 ,932 ,670 ,90 ,42 
304 ,76 ,0 ,228 ,0 ,932 ,670 ,28 ,48 
380 ,0 ,0 ,228 ,0 ,932 ,670 ,90 ,53 
140 ,209 ,0 ,192 ,0 ,1047 ,807 ,90 ,39 
342 ,38 ,0 ,228 ,0 ,932 ,670 ,365 ,56 
380 ,95 ,0 ,228 ,0 ,932 ,594 ,90 ,41 
475 ,0 ,0 ,228 ,0 ,932 ,594 ,180 ,43 
428 ,48 ,0 ,228 ,0 ,932 ,594 ,180 ,42 
140 ,209 ,0 ,192 ,0 ,1047 ,807 ,28 ,28 
140 ,209 ,0 ,192 ,0 ,1047 ,807 ,3 ,8 
140 ,209 ,0 ,192 ,0 ,1047 ,807 ,180 ,44 
380 ,0 ,0 ,228 ,0 ,932 ,670 ,365 ,53 
380 ,0 ,0 ,228 ,0 ,932 ,670 ,270 ,53 
380 ,95 ,0 ,228 ,0 ,932 ,594 ,270 ,41 
342 ,38 ,0 ,228 ,0 ,932 ,670 ,180 ,52 
428 ,48 ,0 ,228 ,0 ,932 ,594 ,28 ,37 
475 ,0 ,0 ,228 ,0 ,932 ,594 ,7 ,39 
304 ,76 ,0 ,228 ,0 ,932 ,670 ,365 ,55 
266 ,114 ,0 ,228 ,0 ,932 ,670 ,365 ,53 
199 ,132 ,0 ,192 ,0 ,978 ,826 ,180 ,42 
475 ,0 ,0 ,228 ,0 ,932 ,594 ,270 ,42 
190 ,190 ,0 ,228 ,0 ,932 ,670 ,365 ,54 
238 ,238 ,0 ,228 ,0 ,932 ,594 ,270 ,38 
238 ,238 ,0 ,228 ,0 ,932 ,594 ,28 ,30 
333 ,143 ,0 ,228 ,0 ,932 ,594 ,90 ,38 
475 ,0 ,0 ,228 ,0 ,932 ,594 ,90 ,42 
238 ,238 ,0 ,228 ,0 ,932 ,594 ,180 ,36 
342 ,38 ,0 ,228 ,0 ,932 ,670 ,90 ,51 
428 ,48 ,0 ,228 ,0 ,932 ,594 ,365 ,44 
238 ,238 ,0 ,228 ,0 ,932 ,594 ,365 ,39 
380 ,0 ,0 ,228 ,0 ,932 ,670 ,180 ,53 
428 ,48 ,0 ,228 ,0 ,932 ,594 ,90 ,42 
428 ,48 ,0 ,228 ,0 ,932 ,594 ,7 ,35 
349 ,0 ,0 ,192 ,0 ,1047 ,807 ,3 ,15 
380 ,95 ,0 ,228 ,0 ,932 ,594 ,180 ,41 
238 ,238 ,0 ,228 ,0 ,932 ,594 ,7 ,26 
380 ,95 ,0 ,228 ,0 ,932 ,594 ,7 ,33 
333 ,143 ,0 ,228 ,0 ,932 ,594 ,180 ,40 
190 ,190 ,0 ,228 ,0 ,932 ,670 ,180 ,47 
238 ,238 ,0 ,228 ,0 ,932 ,594 ,90 ,33 
304 ,76 ,0 ,228 ,0 ,932 ,670 ,90 ,49 
140 ,209 ,0 ,192 ,0 ,1047 ,807 ,7 ,15 
199 ,132 ,0 ,192 ,0 ,978 ,826 ,7 ,15 
475 ,0 ,0 ,228 ,0 ,932 ,594 ,365 ,42 
199 ,132 ,0 ,192 ,0 ,978 ,826 ,3 ,9 
304 ,76 ,0 ,228 ,0 ,932 ,670 ,180 ,51 
333 ,143 ,0 ,228 ,0 ,932 ,594 ,28 ,33 
304 ,76 ,0 ,228 ,0 ,932 ,670 ,270 ,54 
266 ,114 ,0 ,228 ,0 ,932 ,670 ,270 ,52 
310 ,0 ,0 ,192 ,0 ,971 ,851 ,3 ,10 
190 ,190 ,0 ,228 ,0 ,932 ,670 ,270 ,51 
266 ,114 ,0 ,228 ,0 ,932 ,670 ,180 ,49 
342 ,38 ,0 ,228 ,0 ,932 ,670 ,270 ,55 
140 ,209 ,0 ,192 ,0 ,1047 ,807 ,360 ,45 
333 ,143 ,0 ,228 ,0 ,932 ,594 ,7 ,30 
190 ,190 ,0 ,228 ,0 ,932 ,670 ,28 ,41 
485 ,0 ,0 ,146 ,0 ,1120 ,800 ,28 ,72 
374 ,189 ,0 ,170 ,10 ,926 ,757 ,3 ,34 
313 ,262 ,0 ,176 ,9 ,1047 ,612 ,3 ,29 
425 ,106 ,0 ,154 ,17 ,852 ,887 ,3 ,33 
425 ,106 ,0 ,151 ,19 ,936 ,804 ,3 ,36 
375 ,94 ,0 ,127 ,23 ,852 ,993 ,3 ,29 
475 ,119 ,0 ,181 ,9 ,852 ,782 ,3 ,38 
469 ,117 ,0 ,138 ,32 ,852 ,841 ,3 ,40 
425 ,106 ,0 ,154 ,17 ,852 ,887 ,3 ,33 
389 ,97 ,0 ,158 ,12 ,852 ,926 ,3 ,28 
531 ,0 ,0 ,142 ,28 ,852 ,894 ,3 ,41 
425 ,106 ,0 ,154 ,17 ,852 ,887 ,3 ,33 
319 ,213 ,0 ,156 ,14 ,852 ,880 ,3 ,25 
402 ,95 ,0 ,147 ,11 ,947 ,852 ,3 ,41 
363 ,189 ,0 ,165 ,12 ,945 ,756 ,3 ,35 
324 ,283 ,0 ,184 ,10 ,943 ,660 ,3 ,28 
380 ,151 ,0 ,154 ,16 ,1134 ,605 ,3 ,29 
363 ,189 ,0 ,165 ,12 ,945 ,756 ,3 ,35 
286 ,201 ,0 ,145 ,11 ,1005 ,804 ,3 ,24 
363 ,189 ,0 ,165 ,12 ,945 ,756 ,3 ,35 
439 ,177 ,0 ,186 ,11 ,885 ,708 ,3 ,39 
390 ,189 ,0 ,146 ,22 ,945 ,756 ,3 ,41 
363 ,189 ,0 ,165 ,12 ,945 ,756 ,3 ,35 
338 ,189 ,0 ,175 ,10 ,945 ,756 ,3 ,24 
374 ,189 ,0 ,170 ,10 ,926 ,757 ,7 ,46 
313 ,262 ,0 ,176 ,9 ,1047 ,612 ,7 ,43 
425 ,106 ,0 ,154 ,17 ,852 ,887 ,7 ,49 
425 ,106 ,0 ,151 ,19 ,936 ,804 ,7 ,47 
375 ,94 ,0 ,127 ,23 ,852 ,993 ,7 ,46 
475 ,119 ,0 ,181 ,9 ,852 ,782 ,7 ,56 
469 ,117 ,0 ,138 ,32 ,852 ,841 ,7 ,55 
425 ,106 ,0 ,154 ,17 ,852 ,887 ,7 ,49 
389 ,97 ,0 ,158 ,12 ,852 ,926 ,7 ,35 
531 ,0 ,0 ,142 ,28 ,852 ,894 ,7 ,47 
425 ,106 ,0 ,154 ,17 ,852 ,887 ,7 ,49 
319 ,213 ,0 ,156 ,14 ,852 ,880 ,7 ,33 
402 ,95 ,0 ,147 ,11 ,947 ,852 ,7 ,54 
363 ,189 ,0 ,165 ,12 ,945 ,756 ,7 ,56 
324 ,283 ,0 ,184 ,10 ,943 ,660 ,7 ,50 
380 ,151 ,0 ,154 ,16 ,1134 ,605 ,7 ,47 
363 ,189 ,0 ,165 ,12 ,945 ,756 ,7 ,56 
286 ,201 ,0 ,145 ,11 ,1005 ,804 ,7 ,38 
363 ,189 ,0 ,165 ,12 ,945 ,756 ,7 ,56 
439 ,177 ,0 ,186 ,11 ,885 ,708 ,7 ,56 
390 ,189 ,0 ,146 ,22 ,945 ,756 ,7 ,59 
363 ,189 ,0 ,165 ,12 ,945 ,756 ,7 ,23 
338 ,189 ,0 ,175 ,10 ,945 ,756 ,7 ,35 
374 ,189 ,0 ,170 ,10 ,926 ,757 ,28 ,61 
313 ,262 ,0 ,176 ,9 ,1047 ,612 ,28 ,60 
425 ,106 ,0 ,154 ,17 ,852 ,887 ,28 ,60 
425 ,106 ,0 ,151 ,19 ,936 ,804 ,28 ,62 
375 ,94 ,0 ,127 ,23 ,852 ,993 ,28 ,57 
475 ,119 ,0 ,181 ,9 ,852 ,782 ,28 ,68 
469 ,117 ,0 ,138 ,32 ,852 ,841 ,28 ,67 
425 ,106 ,0 ,154 ,17 ,852 ,887 ,28 ,60 
389 ,97 ,0 ,158 ,12 ,852 ,926 ,28 ,51 
531 ,0 ,0 ,142 ,28 ,852 ,894 ,28 ,56 
425 ,106 ,0 ,154 ,17 ,852 ,887 ,28 ,60 
319 ,213 ,0 ,156 ,14 ,852 ,880 ,28 ,56 
402 ,95 ,0 ,147 ,11 ,947 ,852 ,28 ,69 
363 ,189 ,0 ,165 ,12 ,945 ,756 ,28 ,71 
324 ,283 ,0 ,184 ,10 ,943 ,660 ,28 ,75 
380 ,151 ,0 ,154 ,16 ,1134 ,605 ,28 ,52 
363 ,189 ,0 ,165 ,12 ,945 ,756 ,28 ,71 
286 ,201 ,0 ,145 ,11 ,1005 ,804 ,28 ,68 
363 ,189 ,0 ,165 ,12 ,945 ,756 ,28 ,71 
439 ,177 ,0 ,186 ,11 ,885 ,708 ,28 ,66 
390 ,189 ,0 ,146 ,22 ,945 ,756 ,28 ,75 
363 ,189 ,0 ,165 ,12 ,945 ,756 ,28 ,71 
338 ,189 ,0 ,175 ,10 ,945 ,756 ,28 ,50 
374 ,189 ,0 ,170 ,10 ,926 ,757 ,56 ,63 
313 ,262 ,0 ,176 ,9 ,1047 ,612 ,56 ,65 
425 ,106 ,0 ,154 ,17 ,852 ,887 ,56 ,64 
425 ,106 ,0 ,151 ,19 ,936 ,804 ,56 ,65 
375 ,94 ,0 ,127 ,23 ,852 ,993 ,56 ,60 
475 ,119 ,0 ,181 ,9 ,852 ,782 ,56 ,72 
469 ,117 ,0 ,138 ,32 ,852 ,841 ,56 ,69 
425 ,106 ,0 ,154 ,17 ,852 ,887 ,56 ,64 
389 ,97 ,0 ,158 ,12 ,852 ,926 ,56 ,55 
531 ,0 ,0 ,142 ,28 ,852 ,894 ,56 ,59 
425 ,106 ,0 ,154 ,17 ,852 ,887 ,56 ,64 
319 ,213 ,0 ,156 ,14 ,852 ,880 ,56 ,66 
402 ,95 ,0 ,147 ,11 ,947 ,852 ,56 ,74 
363 ,189 ,0 ,165 ,12 ,945 ,756 ,56 ,77 
324 ,283 ,0 ,184 ,10 ,943 ,660 ,56 ,80 
380 ,151 ,0 ,154 ,16 ,1134 ,605 ,56 ,55 
363 ,189 ,0 ,165 ,12 ,945 ,756 ,56 ,77 
286 ,201 ,0 ,145 ,11 ,1005 ,804 ,56 ,73 
363 ,189 ,0 ,165 ,12 ,945 ,756 ,56 ,77 
439 ,177 ,0 ,186 ,11 ,885 ,708 ,56 ,72 
390 ,189 ,0 ,146 ,22 ,945 ,756 ,56 ,79 
363 ,189 ,0 ,165 ,12 ,945 ,756 ,56 ,77 
338 ,189 ,0 ,175 ,10 ,945 ,756 ,56 ,60 
374 ,189 ,0 ,170 ,10 ,926 ,757 ,91 ,65 
313 ,262 ,0 ,176 ,9 ,1047 ,612 ,91 ,67 
425 ,106 ,0 ,154 ,17 ,852 ,887 ,91 ,65 
425 ,106 ,0 ,151 ,19 ,936 ,804 ,91 ,67 
375 ,94 ,0 ,127 ,23 ,852 ,993 ,91 ,63 
475 ,119 ,0 ,181 ,9 ,852 ,782 ,91 ,74 
469 ,117 ,0 ,138 ,32 ,852 ,841 ,91 ,71 
425 ,106 ,0 ,154 ,17 ,852 ,887 ,91 ,65 
389 ,97 ,0 ,158 ,12 ,852 ,926 ,91 ,58 
531 ,0 ,0 ,142 ,28 ,852 ,894 ,91 ,59 
425 ,106 ,0 ,154 ,17 ,852 ,887 ,91 ,65 
319 ,213 ,0 ,156 ,14 ,852 ,880 ,91 ,68 
402 ,95 ,0 ,147 ,11 ,947 ,852 ,91 ,76 
363 ,189 ,0 ,165 ,12 ,945 ,756 ,91 ,79 
380 ,151 ,0 ,154 ,16 ,1134 ,605 ,91 ,57 
363 ,189 ,0 ,165 ,12 ,945 ,756 ,91 ,79 
286 ,201 ,0 ,145 ,11 ,1005 ,804 ,91 ,77 
363 ,189 ,0 ,165 ,12 ,945 ,756 ,91 ,79 
439 ,177 ,0 ,186 ,11 ,885 ,708 ,91 ,73 
390 ,189 ,0 ,146 ,22 ,945 ,756 ,91 ,83 
363 ,189 ,0 ,165 ,12 ,945 ,756 ,91 ,79 
338 ,189 ,0 ,175 ,10 ,945 ,756 ,91 ,68 
222 ,0 ,97 ,189 ,5 ,967 ,870 ,3 ,12 
222 ,0 ,97 ,189 ,5 ,967 ,870 ,14 ,24 
222 ,0 ,97 ,189 ,5 ,967 ,870 ,28 ,25 
222 ,0 ,97 ,189 ,5 ,967 ,870 ,56 ,29 
222 ,0 ,97 ,189 ,5 ,967 ,870 ,100 ,41 
234 ,0 ,95 ,198 ,5 ,947 ,852 ,3 ,10 
234 ,0 ,95 ,198 ,5 ,947 ,852 ,14 ,22 
234 ,0 ,95 ,198 ,5 ,947 ,852 ,28 ,23 
234 ,0 ,95 ,198 ,5 ,947 ,852 ,56 ,28 
234 ,0 ,95 ,198 ,5 ,947 ,852 ,100 ,35 
195 ,0 ,101 ,166 ,8 ,1006 ,906 ,3 ,13 
195 ,0 ,101 ,166 ,8 ,1006 ,906 ,14 ,25 
195 ,0 ,101 ,166 ,8 ,1006 ,906 ,28 ,26 
195 ,0 ,101 ,166 ,8 ,1006 ,906 ,56 ,34 
195 ,0 ,101 ,166 ,8 ,1006 ,906 ,100 ,37 
191 ,0 ,125 ,162 ,8 ,1090 ,804 ,3 ,15 
191 ,0 ,125 ,162 ,8 ,1090 ,804 ,14 ,21 
191 ,0 ,125 ,162 ,8 ,1090 ,804 ,28 ,26 
191 ,0 ,125 ,162 ,8 ,1090 ,804 ,56 ,35 
191 ,0 ,125 ,162 ,8 ,1090 ,804 ,100 ,41 
212 ,0 ,122 ,180 ,6 ,1058 ,779 ,3 ,13 
212 ,0 ,122 ,180 ,6 ,1058 ,779 ,14 ,21 
212 ,0 ,122 ,180 ,6 ,1058 ,779 ,28 ,25 
212 ,0 ,122 ,180 ,6 ,1058 ,779 ,56 ,34 
212 ,0 ,122 ,180 ,6 ,1058 ,779 ,100 ,40 
230 ,0 ,118 ,196 ,5 ,1029 ,759 ,3 ,10 
230 ,0 ,118 ,196 ,5 ,1029 ,759 ,14 ,20 
230 ,0 ,118 ,196 ,5 ,1029 ,759 ,28 ,25 
230 ,0 ,118 ,196 ,5 ,1029 ,759 ,56 ,32 
230 ,0 ,118 ,196 ,5 ,1029 ,759 ,100 ,35 
190 ,0 ,125 ,162 ,10 ,1088 ,803 ,3 ,9 
190 ,0 ,125 ,162 ,10 ,1088 ,803 ,14 ,23 
190 ,0 ,125 ,162 ,10 ,1088 ,803 ,28 ,29 
190 ,0 ,125 ,162 ,10 ,1088 ,803 ,56 ,39 
190 ,0 ,125 ,162 ,10 ,1088 ,803 ,100 ,40 
166 ,0 ,163 ,177 ,5 ,1059 ,780 ,3 ,11 
166 ,0 ,163 ,177 ,5 ,1059 ,780 ,14 ,26 
166 ,0 ,163 ,177 ,5 ,1059 ,780 ,28 ,22 
166 ,0 ,163 ,177 ,5 ,1059 ,780 ,56 ,29 
166 ,0 ,163 ,177 ,5 ,1059 ,780 ,100 ,34 
168 ,42 ,164 ,122 ,6 ,1059 ,780 ,3 ,8 
168 ,42 ,164 ,122 ,6 ,1059 ,780 ,14 ,18 
168 ,42 ,164 ,122 ,6 ,1059 ,780 ,28 ,24 
168 ,42 ,164 ,122 ,6 ,1059 ,780 ,56 ,33 
168 ,42 ,164 ,122 ,6 ,1059 ,780 ,100 ,39 
214 ,98 ,25 ,182 ,7 ,1066 ,785 ,3 ,18 
214 ,98 ,25 ,182 ,7 ,1066 ,785 ,14 ,30 
214 ,98 ,25 ,182 ,7 ,1066 ,785 ,28 ,46 
214 ,98 ,25 ,182 ,7 ,1066 ,785 ,56 ,51 
214 ,98 ,25 ,182 ,7 ,1066 ,785 ,100 ,54 
214 ,98 ,25 ,182 ,7 ,1066 ,786 ,3 ,13 
214 ,98 ,25 ,182 ,7 ,1066 ,786 ,14 ,18 
214 ,98 ,25 ,182 ,7 ,1066 ,786 ,28 ,40 
214 ,98 ,25 ,182 ,7 ,1066 ,786 ,56 ,47 
214 ,98 ,25 ,182 ,7 ,1066 ,786 ,100 ,50 
230 ,0 ,118 ,195 ,6 ,1028 ,758 ,3 ,13 
230 ,0 ,118 ,195 ,6 ,1028 ,758 ,14 ,22 
230 ,0 ,118 ,195 ,6 ,1028 ,758 ,28 ,25 
230 ,0 ,118 ,195 ,6 ,1028 ,758 ,56 ,31 
230 ,0 ,118 ,195 ,6 ,1028 ,758 ,100 ,41 
238 ,0 ,94 ,187 ,7 ,950 ,847 ,3 ,20 
238 ,0 ,94 ,187 ,7 ,950 ,847 ,14 ,26 
238 ,0 ,94 ,187 ,7 ,950 ,847 ,28 ,30 
238 ,0 ,94 ,187 ,7 ,950 ,847 ,56 ,40 
238 ,0 ,94 ,187 ,7 ,950 ,847 ,100 ,44 
250 ,0 ,96 ,187 ,6 ,957 ,861 ,3 ,14 
250 ,0 ,96 ,187 ,6 ,957 ,861 ,14 ,25 
250 ,0 ,96 ,187 ,6 ,957 ,861 ,28 ,29 
250 ,0 ,96 ,187 ,6 ,957 ,861 ,56 ,38 
250 ,0 ,96 ,187 ,6 ,957 ,861 ,100 ,42 
213 ,0 ,100 ,159 ,9 ,1008 ,904 ,3 ,14 
213 ,0 ,100 ,159 ,9 ,1008 ,904 ,14 ,26 
213 ,0 ,100 ,159 ,9 ,1008 ,904 ,28 ,32 
213 ,0 ,100 ,159 ,9 ,1008 ,904 ,56 ,43 
213 ,0 ,100 ,159 ,9 ,1008 ,904 ,100 ,43 
213 ,0 ,100 ,159 ,10 ,1004 ,904 ,3 ,13 
213 ,0 ,100 ,159 ,10 ,1004 ,904 ,14 ,25 
213 ,0 ,100 ,159 ,10 ,1004 ,904 ,28 ,37 
213 ,0 ,100 ,159 ,10 ,1004 ,904 ,56 ,44 
213 ,0 ,100 ,159 ,10 ,1004 ,904 ,100 ,48 
212 ,0 ,125 ,159 ,8 ,1085 ,800 ,3 ,20 
212 ,0 ,125 ,159 ,8 ,1085 ,800 ,14 ,31 
212 ,0 ,125 ,159 ,8 ,1085 ,800 ,28 ,39 
212 ,0 ,125 ,159 ,8 ,1085 ,800 ,56 ,45 
212 ,0 ,125 ,159 ,8 ,1085 ,800 ,100 ,48 
232 ,0 ,122 ,174 ,7 ,1056 ,779 ,3 ,15 
232 ,0 ,122 ,174 ,7 ,1056 ,779 ,14 ,27 
232 ,0 ,122 ,174 ,7 ,1056 ,779 ,28 ,34 
232 ,0 ,122 ,174 ,7 ,1056 ,779 ,56 ,43 
232 ,0 ,122 ,174 ,7 ,1056 ,779 ,100 ,46 
251 ,0 ,118 ,189 ,6 ,1028 ,758 ,3 ,17 
251 ,0 ,118 ,189 ,6 ,1028 ,758 ,14 ,30 
251 ,0 ,118 ,189 ,6 ,1028 ,758 ,28 ,30 
251 ,0 ,118 ,189 ,6 ,1028 ,758 ,56 ,37 
251 ,0 ,118 ,189 ,6 ,1028 ,758 ,100 ,44 
251 ,0 ,118 ,189 ,6 ,1028 ,758 ,3 ,13 
251 ,0 ,118 ,189 ,6 ,1028 ,758 ,14 ,24 
251 ,0 ,118 ,189 ,6 ,1028 ,758 ,28 ,33 
251 ,0 ,118 ,189 ,6 ,1028 ,758 ,56 ,37 
251 ,0 ,118 ,189 ,6 ,1028 ,758 ,100 ,44 
181 ,0 ,167 ,170 ,8 ,1056 ,778 ,3 ,14 
181 ,0 ,167 ,170 ,8 ,1056 ,778 ,14 ,22 
181 ,0 ,167 ,170 ,8 ,1056 ,778 ,28 ,28 
181 ,0 ,167 ,170 ,8 ,1056 ,778 ,56 ,36 
181 ,0 ,167 ,170 ,8 ,1056 ,778 ,100 ,45 
182 ,45 ,122 ,170 ,8 ,1059 ,781 ,3 ,7 
182 ,45 ,122 ,170 ,8 ,1059 ,781 ,14 ,22 
182 ,45 ,122 ,170 ,8 ,1059 ,781 ,28 ,31 
182 ,45 ,122 ,170 ,8 ,1059 ,781 ,56 ,44 
182 ,45 ,122 ,170 ,8 ,1059 ,781 ,100 ,49 
169 ,42 ,124 ,158 ,11 ,1081 ,796 ,3 ,7 
169 ,42 ,124 ,158 ,11 ,1081 ,796 ,14 ,24 
169 ,42 ,124 ,158 ,11 ,1081 ,796 ,28 ,31 
169 ,42 ,124 ,158 ,11 ,1081 ,796 ,56 ,39 
169 ,42 ,124 ,158 ,11 ,1081 ,796 ,100 ,48 
290 ,0 ,96 ,168 ,9 ,961 ,865 ,3 ,23 
290 ,0 ,96 ,168 ,9 ,961 ,865 ,14 ,35 
290 ,0 ,96 ,168 ,9 ,961 ,865 ,28 ,35 
290 ,0 ,96 ,168 ,9 ,961 ,865 ,56 ,45 
290 ,0 ,96 ,168 ,9 ,961 ,865 ,100 ,49 
277 ,0 ,97 ,161 ,12 ,974 ,876 ,3 ,23 
277 ,0 ,97 ,161 ,12 ,974 ,876 ,14 ,42 
277 ,0 ,97 ,161 ,12 ,974 ,876 ,28 ,48 
277 ,0 ,97 ,161 ,12 ,974 ,876 ,56 ,51 
277 ,0 ,97 ,161 ,12 ,974 ,876 ,100 ,56 
296 ,0 ,96 ,172 ,9 ,955 ,859 ,3 ,23 
296 ,0 ,96 ,172 ,9 ,955 ,859 ,14 ,35 
296 ,0 ,96 ,172 ,9 ,955 ,859 ,28 ,40 
296 ,0 ,96 ,172 ,9 ,955 ,859 ,56 ,49 
296 ,0 ,96 ,172 ,9 ,955 ,859 ,100 ,52 
252 ,0 ,100 ,146 ,12 ,1006 ,900 ,3 ,21 
252 ,0 ,100 ,146 ,12 ,1006 ,900 ,14 ,33 
252 ,0 ,100 ,146 ,12 ,1006 ,900 ,28 ,34 
252 ,0 ,100 ,146 ,12 ,1006 ,900 ,56 ,44 
252 ,0 ,100 ,146 ,12 ,1006 ,900 ,100 ,45 
249 ,0 ,99 ,158 ,13 ,988 ,889 ,3 ,15 
249 ,0 ,99 ,158 ,13 ,988 ,889 ,14 ,29 
249 ,0 ,99 ,158 ,13 ,988 ,889 ,28 ,31 
249 ,0 ,99 ,158 ,13 ,988 ,889 ,56 ,42 
249 ,0 ,99 ,158 ,13 ,988 ,889 ,100 ,51 
252 ,0 ,99 ,146 ,14 ,988 ,889 ,3 ,22 
252 ,0 ,99 ,146 ,14 ,988 ,889 ,14 ,42 
252 ,0 ,99 ,146 ,14 ,988 ,889 ,28 ,51 
252 ,0 ,99 ,146 ,14 ,988 ,889 ,56 ,56 
252 ,0 ,99 ,146 ,14 ,988 ,889 ,100 ,61 
247 ,0 ,125 ,143 ,12 ,1087 ,801 ,3 ,24 
247 ,0 ,125 ,143 ,12 ,1087 ,801 ,14 ,42 
247 ,0 ,125 ,143 ,12 ,1087 ,801 ,28 ,53 
247 ,0 ,125 ,143 ,12 ,1087 ,801 ,56 ,60 
247 ,0 ,125 ,143 ,12 ,1087 ,801 ,100 ,66 
275 ,0 ,121 ,160 ,10 ,1054 ,778 ,3 ,24 
275 ,0 ,121 ,160 ,10 ,1054 ,778 ,14 ,39 
275 ,0 ,121 ,160 ,10 ,1054 ,778 ,28 ,51 
275 ,0 ,121 ,160 ,10 ,1054 ,778 ,56 ,57 
275 ,0 ,121 ,160 ,10 ,1054 ,778 ,100 ,59 
297 ,0 ,118 ,175 ,10 ,1023 ,754 ,3 ,22 
297 ,0 ,118 ,175 ,10 ,1023 ,754 ,14 ,37 
297 ,0 ,118 ,175 ,10 ,1023 ,754 ,28 ,47 
297 ,0 ,118 ,175 ,10 ,1023 ,754 ,56 ,52 
297 ,0 ,118 ,175 ,10 ,1023 ,754 ,100 ,57 
214 ,0 ,175 ,155 ,10 ,1054 ,776 ,3 ,18 
214 ,0 ,175 ,155 ,10 ,1054 ,776 ,14 ,34 
214 ,0 ,175 ,155 ,10 ,1054 ,776 ,28 ,40 
214 ,0 ,175 ,155 ,10 ,1054 ,776 ,56 ,47 
214 ,0 ,175 ,155 ,10 ,1054 ,776 ,100 ,50 
214 ,0 ,174 ,155 ,12 ,1052 ,776 ,3 ,17 
214 ,0 ,174 ,155 ,12 ,1052 ,776 ,14 ,34 
214 ,0 ,174 ,155 ,12 ,1052 ,776 ,28 ,46 
214 ,0 ,174 ,155 ,12 ,1052 ,776 ,56 ,51 
214 ,0 ,174 ,155 ,12 ,1052 ,776 ,100 ,59 
277 ,98 ,25 ,161 ,11 ,1062 ,783 ,3 ,30 
277 ,98 ,25 ,161 ,11 ,1062 ,783 ,14 ,48 
277 ,98 ,25 ,161 ,11 ,1062 ,783 ,28 ,63 
277 ,98 ,25 ,161 ,11 ,1062 ,783 ,56 ,67 
277 ,98 ,25 ,161 ,11 ,1062 ,783 ,100 ,67 
218 ,55 ,124 ,141 ,12 ,1076 ,793 ,3 ,27 
218 ,55 ,124 ,141 ,12 ,1076 ,793 ,14 ,36 
218 ,55 ,124 ,141 ,12 ,1076 ,793 ,28 ,56 
218 ,55 ,124 ,141 ,12 ,1076 ,793 ,56 ,62 
218 ,55 ,124 ,141 ,12 ,1076 ,793 ,100 ,64 
215 ,54 ,122 ,156 ,10 ,1014 ,781 ,3 ,18 
215 ,54 ,122 ,156 ,10 ,1014 ,781 ,14 ,39 
215 ,54 ,122 ,156 ,10 ,1014 ,781 ,28 ,52 
215 ,54 ,122 ,156 ,10 ,1014 ,781 ,56 ,54 
215 ,54 ,122 ,156 ,10 ,1014 ,781 ,100 ,57 
219 ,0 ,124 ,159 ,11 ,1079 ,795 ,3 ,15 
219 ,0 ,124 ,159 ,11 ,1079 ,795 ,14 ,26 
219 ,0 ,124 ,159 ,11 ,1079 ,795 ,28 ,30 
219 ,0 ,124 ,159 ,11 ,1079 ,795 ,56 ,37 
219 ,0 ,124 ,159 ,11 ,1079 ,795 ,100 ,46 
376 ,0 ,0 ,215 ,0 ,1004 ,762 ,3 ,16 
376 ,0 ,0 ,215 ,0 ,1004 ,762 ,14 ,26 
376 ,0 ,0 ,215 ,0 ,1004 ,762 ,28 ,32 
376 ,0 ,0 ,215 ,0 ,1004 ,762 ,56 ,36 
376 ,0 ,0 ,215 ,0 ,1004 ,762 ,100 ,43 
500 ,0 ,0 ,140 ,4 ,966 ,853 ,28 ,68 
475 ,0 ,59 ,142 ,2 ,1098 ,641 ,28 ,57 
315 ,137 ,0 ,145 ,6 ,1130 ,745 ,28 ,82 
505 ,0 ,60 ,195 ,0 ,1030 ,630 ,28 ,64 
451 ,0 ,0 ,165 ,11 ,1030 ,745 ,28 ,79 
516 ,0 ,0 ,162 ,8 ,801 ,802 ,28 ,41 
520 ,0 ,0 ,170 ,5 ,855 ,855 ,28 ,60 
528 ,0 ,0 ,185 ,7 ,920 ,720 ,28 ,57 
520 ,0 ,0 ,175 ,5 ,870 ,805 ,28 ,51 
385 ,0 ,136 ,158 ,20 ,903 ,768 ,28 ,56 
500 ,0 ,0 ,200 ,3 ,1124 ,613 ,28 ,44 
450 ,50 ,0 ,200 ,3 ,1124 ,613 ,28 ,39 
397 ,17 ,158 ,167 ,21 ,967 ,633 ,28 ,56 
333 ,18 ,163 ,167 ,18 ,996 ,652 ,28 ,47 
334 ,18 ,158 ,189 ,15 ,967 ,633 ,28 ,44 
405 ,0 ,0 ,175 ,0 ,1120 ,695 ,28 ,52 
200 ,200 ,0 ,190 ,0 ,1145 ,660 ,28 ,49 
516 ,0 ,0 ,162 ,8 ,801 ,802 ,28 ,41 
145 ,116 ,119 ,184 ,6 ,833 ,880 ,28 ,29 
160 ,128 ,122 ,182 ,6 ,824 ,879 ,28 ,39 
234 ,156 ,0 ,189 ,6 ,981 ,760 ,28 ,39 
250 ,180 ,95 ,159 ,10 ,860 ,800 ,28 ,68 
475 ,0 ,0 ,162 ,10 ,1044 ,662 ,28 ,59 
285 ,190 ,0 ,163 ,8 ,1031 ,685 ,28 ,54 
356 ,119 ,0 ,160 ,9 ,1061 ,657 ,28 ,59 
275 ,180 ,120 ,162 ,10 ,830 ,765 ,28 ,76 
500 ,0 ,0 ,151 ,9 ,1033 ,655 ,28 ,70 
165 ,0 ,144 ,164 ,0 ,1006 ,901 ,3 ,14 
165 ,129 ,132 ,175 ,8 ,1006 ,747 ,3 ,19 
178 ,130 ,119 ,180 ,4 ,1007 ,747 ,3 ,21 
167 ,130 ,129 ,176 ,8 ,1006 ,747 ,3 ,15 
172 ,14 ,172 ,157 ,4 ,1006 ,856 ,3 ,21 
174 ,50 ,174 ,165 ,7 ,1006 ,794 ,3 ,23 
167 ,75 ,167 ,164 ,8 ,1007 ,770 ,3 ,16 
174 ,93 ,160 ,172 ,10 ,1007 ,747 ,3 ,16 
190 ,0 ,125 ,167 ,10 ,1079 ,799 ,3 ,13 
250 ,0 ,96 ,192 ,5 ,949 ,857 ,3 ,9 
214 ,0 ,174 ,159 ,12 ,1044 ,772 ,3 ,16 
195 ,0 ,101 ,170 ,8 ,998 ,902 ,3 ,12 
251 ,0 ,118 ,193 ,6 ,1044 ,754 ,3 ,12 
165 ,0 ,144 ,164 ,0 ,1006 ,901 ,14 ,17 
165 ,129 ,132 ,175 ,8 ,1006 ,747 ,14 ,33 
178 ,130 ,119 ,180 ,4 ,1007 ,747 ,14 ,34 
167 ,130 ,129 ,176 ,8 ,1006 ,747 ,14 ,32 
172 ,14 ,172 ,157 ,4 ,1006 ,856 ,14 ,30 
174 ,50 ,174 ,165 ,7 ,1006 ,794 ,14 ,33 
167 ,75 ,167 ,164 ,8 ,1007 ,770 ,14 ,33 
174 ,93 ,160 ,172 ,10 ,1007 ,747 ,14 ,30 
190 ,0 ,125 ,167 ,10 ,1079 ,799 ,14 ,19 
250 ,0 ,96 ,192 ,5 ,949 ,857 ,14 ,25 
214 ,0 ,174 ,159 ,12 ,1044 ,772 ,14 ,30 
195 ,0 ,101 ,170 ,8 ,998 ,902 ,14 ,24 
251 ,0 ,118 ,193 ,6 ,1044 ,754 ,14 ,21 
165 ,0 ,144 ,164 ,0 ,1006 ,901 ,28 ,26 
165 ,129 ,132 ,175 ,8 ,1006 ,747 ,28 ,46 
178 ,130 ,119 ,180 ,4 ,1007 ,747 ,28 ,39 
167 ,130 ,129 ,176 ,8 ,1006 ,747 ,28 ,41 
172 ,14 ,172 ,157 ,4 ,1006 ,856 ,28 ,34 
174 ,50 ,174 ,165 ,7 ,1006 ,794 ,28 ,38 
167 ,75 ,167 ,164 ,8 ,1007 ,770 ,28 ,41 
174 ,93 ,160 ,172 ,10 ,1007 ,747 ,28 ,38 
190 ,0 ,125 ,167 ,10 ,1079 ,799 ,28 ,25 
250 ,0 ,96 ,192 ,5 ,949 ,857 ,28 ,27 
214 ,0 ,174 ,159 ,12 ,1044 ,772 ,28 ,45 
195 ,0 ,101 ,170 ,8 ,998 ,902 ,28 ,37 
251 ,0 ,118 ,193 ,6 ,1044 ,754 ,28 ,33 
165 ,0 ,144 ,164 ,0 ,1006 ,901 ,56 ,37 
165 ,129 ,132 ,175 ,8 ,1006 ,747 ,56 ,54 
178 ,130 ,119 ,180 ,4 ,1007 ,747 ,56 ,49 
167 ,130 ,129 ,176 ,8 ,1006 ,747 ,56 ,52 
172 ,14 ,172 ,157 ,4 ,1006 ,856 ,56 ,36 
174 ,50 ,174 ,165 ,7 ,1006 ,794 ,56 ,54 
167 ,75 ,167 ,164 ,8 ,1007 ,770 ,56 ,54 
174 ,93 ,160 ,172 ,10 ,1007 ,747 ,56 ,49 
190 ,0 ,125 ,167 ,10 ,1079 ,799 ,56 ,32 
250 ,0 ,96 ,192 ,5 ,949 ,857 ,56 ,40 
214 ,0 ,174 ,159 ,12 ,1044 ,772 ,56 ,51 
195 ,0 ,101 ,170 ,8 ,998 ,902 ,56 ,43 
251 ,0 ,118 ,193 ,6 ,1044 ,754 ,56 ,39 
165 ,0 ,144 ,164 ,0 ,1006 ,901 ,100 ,38 
165 ,129 ,132 ,175 ,8 ,1006 ,747 ,100 ,55 
178 ,130 ,119 ,180 ,4 ,1007 ,747 ,100 ,50 
167 ,130 ,129 ,176 ,8 ,1006 ,747 ,100 ,54 
172 ,14 ,172 ,157 ,4 ,1006 ,856 ,100 ,38 
174 ,50 ,174 ,165 ,7 ,1006 ,794 ,100 ,56 
167 ,75 ,167 ,164 ,8 ,1007 ,770 ,100 ,57 
174 ,93 ,160 ,172 ,10 ,1007 ,747 ,100 ,51 
190 ,0 ,125 ,167 ,10 ,1079 ,799 ,100 ,34 
250 ,0 ,96 ,192 ,5 ,949 ,857 ,100 ,41 
214 ,0 ,174 ,159 ,12 ,1044 ,772 ,100 ,53 
195 ,0 ,101 ,170 ,8 ,998 ,902 ,100 ,44 
251 ,0 ,118 ,193 ,6 ,1044 ,754 ,100 ,40 
446 ,24 ,79 ,162 ,12 ,967 ,712 ,28 ,57 
446 ,24 ,79 ,162 ,12 ,967 ,712 ,28 ,44 
446 ,24 ,79 ,162 ,12 ,967 ,712 ,28 ,51 
446 ,24 ,79 ,162 ,10 ,967 ,712 ,28 ,53 
446 ,24 ,79 ,162 ,12 ,967 ,712 ,3 ,35 
446 ,24 ,79 ,162 ,12 ,967 ,712 ,3 ,25 
446 ,24 ,79 ,162 ,12 ,967 ,712 ,3 ,23 
446 ,24 ,79 ,162 ,12 ,967 ,712 ,7 ,52 
446 ,24 ,79 ,162 ,12 ,967 ,712 ,7 ,38 
446 ,24 ,79 ,162 ,12 ,967 ,712 ,7 ,39 
446 ,24 ,79 ,162 ,12 ,967 ,712 ,56 ,61 
446 ,24 ,79 ,162 ,12 ,967 ,712 ,56 ,56 
446 ,24 ,79 ,162 ,12 ,967 ,712 ,56 ,55 
446 ,24 ,79 ,162 ,10 ,967 ,712 ,56 ,55 
387 ,20 ,94 ,157 ,14 ,938 ,845 ,28 ,50 
387 ,20 ,94 ,157 ,14 ,938 ,845 ,28 ,47 
387 ,20 ,94 ,157 ,12 ,938 ,845 ,28 ,47 
387 ,20 ,94 ,157 ,14 ,938 ,845 ,3 ,23 
387 ,20 ,94 ,157 ,14 ,938 ,845 ,3 ,26 
387 ,20 ,94 ,157 ,12 ,938 ,845 ,3 ,35 
387 ,20 ,94 ,157 ,14 ,938 ,845 ,7 ,37 
387 ,20 ,94 ,157 ,14 ,938 ,845 ,7 ,46 
387 ,20 ,94 ,157 ,12 ,938 ,845 ,7 ,42 
387 ,20 ,94 ,157 ,14 ,938 ,845 ,56 ,56 
387 ,20 ,94 ,157 ,14 ,938 ,845 ,56 ,48 
387 ,20 ,94 ,157 ,12 ,938 ,845 ,56 ,62 
355 ,19 ,97 ,145 ,13 ,967 ,871 ,28 ,44 
355 ,19 ,97 ,145 ,12 ,967 ,871 ,28 ,56 
491 ,26 ,123 ,210 ,4 ,882 ,699 ,28 ,56 
491 ,26 ,123 ,201 ,4 ,822 ,699 ,28 ,58 
491 ,26 ,123 ,210 ,4 ,882 ,699 ,3 ,26 
491 ,26 ,123 ,210 ,4 ,882 ,699 ,7 ,34 
491 ,26 ,123 ,210 ,4 ,882 ,699 ,56 ,60 
491 ,26 ,123 ,201 ,4 ,822 ,699 ,3 ,30 
491 ,26 ,123 ,201 ,4 ,822 ,699 ,7 ,38 
491 ,26 ,123 ,201 ,4 ,822 ,699 ,56 ,62 
424 ,22 ,132 ,178 ,9 ,822 ,750 ,28 ,62 
424 ,22 ,132 ,178 ,9 ,882 ,750 ,3 ,32 
424 ,22 ,132 ,168 ,9 ,822 ,750 ,28 ,72 
424 ,22 ,132 ,178 ,9 ,822 ,750 ,7 ,39 
424 ,22 ,132 ,178 ,9 ,822 ,750 ,56 ,66 
424 ,22 ,132 ,168 ,9 ,822 ,750 ,3 ,32 
424 ,22 ,132 ,168 ,9 ,822 ,750 ,7 ,40 
424 ,22 ,132 ,168 ,9 ,822 ,750 ,56 ,74 
202 ,11 ,141 ,206 ,2 ,942 ,801 ,28 ,22 
202 ,11 ,141 ,206 ,2 ,942 ,801 ,3 ,10 
202 ,11 ,141 ,206 ,2 ,942 ,801 ,7 ,15 
202 ,11 ,141 ,206 ,2 ,942 ,801 ,56 ,23 
284 ,15 ,141 ,179 ,6 ,842 ,801 ,28 ,44 
284 ,15 ,141 ,179 ,6 ,842 ,801 ,3 ,13 
284 ,15 ,141 ,179 ,6 ,842 ,801 ,7 ,24 
284 ,15 ,141 ,179 ,6 ,842 ,801 ,56 ,45 
359 ,19 ,141 ,154 ,11 ,942 ,801 ,28 ,63 
359 ,19 ,141 ,154 ,11 ,942 ,801 ,28 ,60 
359 ,19 ,141 ,154 ,11 ,942 ,801 ,3 ,25 
359 ,19 ,141 ,154 ,11 ,942 ,801 ,3 ,24 
359 ,19 ,141 ,154 ,11 ,942 ,801 ,7 ,36 
359 ,19 ,141 ,154 ,11 ,942 ,801 ,7 ,39 
359 ,19 ,141 ,154 ,11 ,942 ,801 ,56 ,69 
359 ,19 ,141 ,154 ,11 ,942 ,801 ,56 ,67 
436 ,0 ,0 ,218 ,0 ,838 ,720 ,28 ,24 
289 ,0 ,0 ,192 ,0 ,913 ,895 ,90 ,32 
289 ,0 ,0 ,192 ,0 ,913 ,895 ,3 ,12 
393 ,0 ,0 ,192 ,0 ,941 ,786 ,3 ,19 
393 ,0 ,0 ,192 ,0 ,941 ,786 ,90 ,49 
393 ,0 ,0 ,192 ,0 ,941 ,786 ,28 ,40 
480 ,0 ,0 ,192 ,0 ,936 ,712 ,28 ,44 
480 ,0 ,0 ,192 ,0 ,936 ,712 ,7 ,35 
480 ,0 ,0 ,192 ,0 ,936 ,712 ,90 ,54 
480 ,0 ,0 ,192 ,0 ,936 ,712 ,3 ,24 
333 ,0 ,0 ,192 ,0 ,931 ,843 ,3 ,16 
255 ,0 ,0 ,192 ,0 ,890 ,945 ,90 ,22 
255 ,0 ,0 ,192 ,0 ,890 ,945 ,7 ,10 
289 ,0 ,0 ,192 ,0 ,913 ,895 ,7 ,15 
255 ,0 ,0 ,192 ,0 ,890 ,945 ,28 ,19 
333 ,0 ,0 ,192 ,0 ,931 ,843 ,28 ,32 
333 ,0 ,0 ,192 ,0 ,931 ,843 ,7 ,23 
289 ,0 ,0 ,192 ,0 ,913 ,895 ,28 ,26 
333 ,0 ,0 ,192 ,0 ,931 ,843 ,90 ,42 
393 ,0 ,0 ,192 ,0 ,941 ,786 ,7 ,28 
255 ,0 ,0 ,192 ,0 ,890 ,945 ,3 ,8 
159 ,238 ,0 ,186 ,0 ,1041 ,734 ,7 ,10 
240 ,359 ,0 ,186 ,0 ,942 ,664 ,7 ,25 
238 ,159 ,0 ,186 ,0 ,1041 ,734 ,7 ,16 
182 ,273 ,0 ,186 ,0 ,1012 ,714 ,28 ,28 
194 ,290 ,0 ,186 ,0 ,998 ,704 ,28 ,33 
256 ,170 ,0 ,186 ,0 ,1027 ,724 ,7 ,17 
273 ,182 ,0 ,186 ,0 ,1012 ,714 ,7 ,20 
240 ,359 ,0 ,186 ,0 ,942 ,664 ,28 ,39 
221 ,147 ,0 ,186 ,0 ,1055 ,744 ,28 ,26 
397 ,0 ,0 ,186 ,0 ,1041 ,734 ,28 ,33 
383 ,0 ,0 ,186 ,0 ,1048 ,739 ,7 ,24 
211 ,316 ,0 ,186 ,0 ,977 ,689 ,7 ,22 
159 ,238 ,0 ,186 ,0 ,1041 ,734 ,28 ,21 
296 ,0 ,0 ,186 ,0 ,1091 ,769 ,7 ,15 
256 ,170 ,0 ,186 ,0 ,1027 ,724 ,28 ,32 
204 ,136 ,0 ,186 ,0 ,1076 ,759 ,7 ,12 
397 ,0 ,0 ,186 ,0 ,1041 ,734 ,7 ,25 
381 ,0 ,0 ,186 ,0 ,1105 ,784 ,28 ,23 
296 ,0 ,0 ,186 ,0 ,1091 ,769 ,28 ,25 
228 ,342 ,0 ,186 ,0 ,956 ,674 ,28 ,40 
221 ,147 ,0 ,186 ,0 ,1055 ,744 ,7 ,13 
316 ,211 ,0 ,186 ,0 ,977 ,689 ,28 ,39 
136 ,204 ,0 ,186 ,0 ,1076 ,759 ,7 ,8 
238 ,0 ,0 ,186 ,0 ,1119 ,789 ,28 ,18 
339 ,0 ,0 ,186 ,0 ,1069 ,754 ,7 ,21 
136 ,204 ,0 ,186 ,0 ,1076 ,759 ,28 ,18 
194 ,290 ,0 ,186 ,0 ,998 ,704 ,7 ,17 
204 ,136 ,0 ,186 ,0 ,1076 ,759 ,28 ,23 
290 ,194 ,0 ,186 ,0 ,998 ,704 ,7 ,22 
182 ,273 ,0 ,186 ,0 ,1012 ,714 ,7 ,12 
170 ,156 ,0 ,186 ,0 ,1027 ,724 ,28 ,26 
211 ,316 ,0 ,186 ,0 ,977 ,689 ,28 ,38 
228 ,342 ,0 ,186 ,0 ,956 ,674 ,7 ,22 
290 ,194 ,0 ,186 ,0 ,998 ,704 ,28 ,33 
381 ,0 ,0 ,186 ,0 ,1105 ,784 ,7 ,15 
238 ,159 ,0 ,186 ,0 ,1041 ,734 ,28 ,27 
186 ,124 ,0 ,186 ,0 ,1083 ,764 ,7 ,8 
339 ,0 ,0 ,186 ,0 ,1069 ,754 ,28 ,32 
238 ,0 ,0 ,186 ,0 ,1119 ,789 ,7 ,10 
253 ,0 ,0 ,186 ,0 ,1112 ,784 ,28 ,20 
383 ,0 ,0 ,186 ,0 ,1048 ,739 ,28 ,37 
253 ,0 ,0 ,186 ,0 ,1112 ,784 ,7 ,12 
316 ,211 ,0 ,186 ,0 ,977 ,689 ,7 ,24 
186 ,124 ,0 ,186 ,0 ,1083 ,764 ,28 ,18 
170 ,156 ,0 ,186 ,0 ,1027 ,724 ,7 ,11 
273 ,182 ,0 ,186 ,0 ,1012 ,714 ,28 ,31 
339 ,0 ,0 ,197 ,0 ,968 ,781 ,3 ,13 
339 ,0 ,0 ,197 ,0 ,968 ,781 ,7 ,21 
339 ,0 ,0 ,197 ,0 ,968 ,781 ,14 ,27 
339 ,0 ,0 ,197 ,0 ,968 ,781 ,28 ,32 
339 ,0 ,0 ,197 ,0 ,968 ,781 ,90 ,35 
339 ,0 ,0 ,197 ,0 ,968 ,781 ,180 ,36 
339 ,0 ,0 ,197 ,0 ,968 ,781 ,365 ,39 
236 ,0 ,0 ,194 ,0 ,968 ,885 ,3 ,7 
236 ,0 ,0 ,194 ,0 ,968 ,885 ,14 ,13 
236 ,0 ,0 ,194 ,0 ,968 ,885 ,28 ,18 
236 ,0 ,0 ,194 ,0 ,968 ,885 ,90 ,22 
236 ,0 ,0 ,193 ,0 ,968 ,885 ,180 ,24 
236 ,0 ,0 ,193 ,0 ,968 ,885 ,365 ,25 
277 ,0 ,0 ,191 ,0 ,968 ,856 ,14 ,21 
277 ,0 ,0 ,191 ,0 ,968 ,856 ,28 ,26 
277 ,0 ,0 ,191 ,0 ,968 ,856 ,3 ,11 
277 ,0 ,0 ,191 ,0 ,968 ,856 ,90 ,31 
277 ,0 ,0 ,191 ,0 ,968 ,856 ,180 ,32 
277 ,0 ,0 ,191 ,0 ,968 ,856 ,360 ,34 
254 ,0 ,0 ,198 ,0 ,968 ,863 ,3 ,9 
254 ,0 ,0 ,198 ,0 ,968 ,863 ,90 ,27 
254 ,0 ,0 ,198 ,0 ,968 ,863 ,180 ,28 
254 ,0 ,0 ,198 ,0 ,968 ,863 ,365 ,30 
307 ,0 ,0 ,193 ,0 ,968 ,812 ,180 ,35 
307 ,0 ,0 ,193 ,0 ,968 ,812 ,365 ,36 
307 ,0 ,0 ,193 ,0 ,968 ,812 ,3 ,13 
307 ,0 ,0 ,193 ,0 ,968 ,812 ,28 ,28 
307 ,0 ,0 ,193 ,0 ,968 ,812 ,90 ,33 
236 ,0 ,0 ,193 ,0 ,968 ,885 ,7 ,10 
200 ,0 ,0 ,180 ,0 ,1125 ,845 ,7 ,8 
200 ,0 ,0 ,180 ,0 ,1125 ,845 ,28 ,12 
225 ,0 ,0 ,181 ,0 ,1113 ,833 ,7 ,11 
225 ,0 ,0 ,181 ,0 ,1113 ,833 ,28 ,17 
325 ,0 ,0 ,184 ,0 ,1063 ,783 ,7 ,18 
325 ,0 ,0 ,184 ,0 ,1063 ,783 ,28 ,31 
275 ,0 ,0 ,183 ,0 ,1088 ,808 ,7 ,14 
275 ,0 ,0 ,183 ,0 ,1088 ,808 ,28 ,25 
300 ,0 ,0 ,184 ,0 ,1075 ,795 ,7 ,16 
300 ,0 ,0 ,184 ,0 ,1075 ,795 ,28 ,27 
375 ,0 ,0 ,186 ,0 ,1038 ,758 ,7 ,26 
375 ,0 ,0 ,186 ,0 ,1038 ,758 ,28 ,38 
400 ,0 ,0 ,187 ,0 ,1025 ,745 ,28 ,44 
400 ,0 ,0 ,187 ,0 ,1025 ,745 ,7 ,30 
250 ,0 ,0 ,182 ,0 ,1100 ,820 ,7 ,13 
250 ,0 ,0 ,182 ,0 ,1100 ,820 ,28 ,21 
350 ,0 ,0 ,186 ,0 ,1050 ,770 ,7 ,20 
350 ,0 ,0 ,186 ,0 ,1050 ,770 ,28 ,34 
204 ,305 ,0 ,204 ,0 ,963 ,630 ,7 ,20 
250 ,167 ,0 ,204 ,0 ,978 ,694 ,90 ,48 
157 ,236 ,0 ,192 ,0 ,935 ,781 ,90 ,43 
141 ,212 ,0 ,204 ,0 ,972 ,749 ,28 ,30 
167 ,250 ,0 ,204 ,0 ,976 ,693 ,3 ,7 
123 ,184 ,0 ,204 ,0 ,958 ,800 ,90 ,33 
184 ,123 ,0 ,204 ,0 ,959 ,800 ,3 ,5 
102 ,153 ,0 ,192 ,0 ,887 ,942 ,3 ,5 
102 ,153 ,0 ,192 ,0 ,887 ,942 ,90 ,26 
123 ,184 ,0 ,204 ,0 ,958 ,800 ,28 ,24 
167 ,250 ,0 ,204 ,0 ,976 ,693 ,28 ,34 
200 ,133 ,0 ,192 ,0 ,965 ,806 ,3 ,11 
108 ,162 ,0 ,204 ,0 ,938 ,849 ,28 ,21 
305 ,204 ,0 ,204 ,0 ,965 ,631 ,7 ,26 
108 ,162 ,0 ,204 ,0 ,938 ,849 ,90 ,29 
116 ,173 ,0 ,192 ,0 ,910 ,892 ,90 ,31 
141 ,212 ,0 ,204 ,0 ,972 ,749 ,7 ,10 
157 ,236 ,0 ,192 ,0 ,935 ,781 ,28 ,34 
133 ,200 ,0 ,192 ,0 ,927 ,839 ,28 ,28 
250 ,167 ,0 ,204 ,0 ,978 ,694 ,7 ,19 
173 ,116 ,0 ,192 ,0 ,947 ,857 ,7 ,11 
192 ,288 ,0 ,192 ,0 ,930 ,716 ,3 ,13 
192 ,288 ,0 ,192 ,0 ,930 ,716 ,28 ,39 
153 ,102 ,0 ,192 ,0 ,888 ,943 ,3 ,5 
288 ,192 ,0 ,192 ,0 ,932 ,718 ,3 ,16 
305 ,204 ,0 ,204 ,0 ,965 ,631 ,28 ,43 
236 ,157 ,0 ,192 ,0 ,973 ,749 ,7 ,20 
173 ,116 ,0 ,192 ,0 ,947 ,857 ,3 ,7 
212 ,141 ,0 ,204 ,0 ,973 ,750 ,7 ,15 
236 ,157 ,0 ,192 ,0 ,973 ,749 ,3 ,14 
184 ,123 ,0 ,204 ,0 ,959 ,800 ,90 ,33 
167 ,250 ,0 ,204 ,0 ,976 ,693 ,7 ,16 
102 ,153 ,0 ,192 ,0 ,887 ,942 ,7 ,8 
288 ,192 ,0 ,192 ,0 ,932 ,718 ,28 ,39 
212 ,141 ,0 ,204 ,0 ,973 ,750 ,28 ,33 
102 ,153 ,0 ,192 ,0 ,887 ,942 ,28 ,17 
173 ,116 ,0 ,192 ,0 ,947 ,857 ,28 ,24 
184 ,123 ,0 ,204 ,0 ,959 ,800 ,28 ,24 
133 ,200 ,0 ,192 ,0 ,927 ,839 ,90 ,37 
192 ,288 ,0 ,192 ,0 ,930 ,716 ,90 ,51 
133 ,200 ,0 ,192 ,0 ,927 ,839 ,7 ,14 
305 ,204 ,0 ,204 ,0 ,965 ,631 ,3 ,14 
236 ,157 ,0 ,192 ,0 ,973 ,749 ,90 ,48 
108 ,162 ,0 ,204 ,0 ,938 ,849 ,3 ,2 
157 ,236 ,0 ,192 ,0 ,935 ,781 ,7 ,17 
288 ,192 ,0 ,192 ,0 ,932 ,718 ,7 ,24 
212 ,141 ,0 ,204 ,0 ,973 ,750 ,3 ,7 
212 ,141 ,0 ,204 ,0 ,973 ,750 ,90 ,40 
153 ,102 ,0 ,192 ,0 ,888 ,943 ,28 ,18 
236 ,157 ,0 ,192 ,0 ,973 ,749 ,28 ,33 
116 ,173 ,0 ,192 ,0 ,910 ,892 ,28 ,22 
184 ,123 ,0 ,204 ,0 ,959 ,800 ,7 ,11 
108 ,162 ,0 ,204 ,0 ,938 ,849 ,7 ,8 
204 ,305 ,0 ,204 ,0 ,963 ,630 ,28 ,42 
204 ,305 ,0 ,204 ,0 ,963 ,630 ,3 ,10 
133 ,200 ,0 ,192 ,0 ,927 ,839 ,3 ,7 
288 ,192 ,0 ,192 ,0 ,932 ,718 ,90 ,51 
200 ,133 ,0 ,192 ,0 ,965 ,806 ,7 ,17 
200 ,133 ,0 ,192 ,0 ,965 ,806 ,28 ,30 
250 ,167 ,0 ,204 ,0 ,978 ,694 ,3 ,10 
123 ,184 ,0 ,204 ,0 ,958 ,800 ,3 ,3 
153 ,102 ,0 ,192 ,0 ,888 ,943 ,90 ,26 
200 ,133 ,0 ,192 ,0 ,965 ,806 ,90 ,43 
116 ,173 ,0 ,192 ,0 ,910 ,892 ,3 ,6 
173 ,116 ,0 ,192 ,0 ,947 ,857 ,90 ,32 
250 ,167 ,0 ,204 ,0 ,978 ,694 ,28 ,37 
305 ,204 ,0 ,204 ,0 ,965 ,631 ,90 ,55 
192 ,288 ,0 ,192 ,0 ,930 ,716 ,7 ,22 
157 ,236 ,0 ,192 ,0 ,935 ,781 ,3 ,10 
153 ,102 ,0 ,192 ,0 ,888 ,943 ,7 ,8 
141 ,212 ,0 ,204 ,0 ,972 ,749 ,90 ,40 
116 ,173 ,0 ,192 ,0 ,910 ,892 ,7 ,10 
141 ,212 ,0 ,204 ,0 ,972 ,749 ,3 ,5 
123 ,184 ,0 ,204 ,0 ,958 ,800 ,7 ,10 
167 ,250 ,0 ,204 ,0 ,976 ,693 ,90 ,44 
204 ,305 ,0 ,204 ,0 ,963 ,630 ,90 ,52 
310 ,0 ,0 ,192 ,0 ,1012 ,830 ,3 ,12 
310 ,0 ,0 ,192 ,0 ,1012 ,830 ,7 ,17 
310 ,0 ,0 ,192 ,0 ,1012 ,830 ,28 ,28 
310 ,0 ,0 ,192 ,0 ,1012 ,830 ,90 ,36 
310 ,0 ,0 ,192 ,0 ,1012 ,830 ,120 ,39 
331 ,0 ,0 ,192 ,0 ,1025 ,821 ,3 ,14 
331 ,0 ,0 ,192 ,0 ,1025 ,821 ,7 ,17 
331 ,0 ,0 ,192 ,0 ,1025 ,821 ,28 ,32 
331 ,0 ,0 ,192 ,0 ,1025 ,821 ,90 ,38 
331 ,0 ,0 ,192 ,0 ,1025 ,821 ,120 ,39 
349 ,0 ,0 ,192 ,0 ,1056 ,809 ,3 ,16 
349 ,0 ,0 ,192 ,0 ,1056 ,809 ,7 ,9 
349 ,0 ,0 ,192 ,0 ,1056 ,809 ,28 ,34 
349 ,0 ,0 ,192 ,0 ,1056 ,809 ,90 ,41 
349 ,0 ,0 ,192 ,0 ,1056 ,809 ,120 ,41 
238 ,0 ,0 ,186 ,0 ,1119 ,789 ,7 ,12 
238 ,0 ,0 ,186 ,0 ,1119 ,789 ,28 ,18 
296 ,0 ,0 ,186 ,0 ,1090 ,769 ,7 ,19 
296 ,0 ,0 ,186 ,0 ,1090 ,769 ,28 ,25 
297 ,0 ,0 ,186 ,0 ,1040 ,734 ,7 ,31 
480 ,0 ,0 ,192 ,0 ,936 ,721 ,28 ,44 
480 ,0 ,0 ,192 ,0 ,936 ,721 ,90 ,54 
397 ,0 ,0 ,186 ,0 ,1040 ,734 ,28 ,37 
281 ,0 ,0 ,186 ,0 ,1104 ,774 ,7 ,15 
281 ,0 ,0 ,185 ,0 ,1104 ,774 ,28 ,22 
500 ,0 ,0 ,200 ,0 ,1125 ,613 ,1 ,13 
500 ,0 ,0 ,200 ,0 ,1125 ,613 ,3 ,26 
500 ,0 ,0 ,200 ,0 ,1125 ,613 ,7 ,33 
500 ,0 ,0 ,200 ,0 ,1125 ,613 ,14 ,37 
500 ,0 ,0 ,200 ,0 ,1125 ,613 ,28 ,44 
540 ,0 ,0 ,173 ,0 ,1125 ,613 ,7 ,53 
540 ,0 ,0 ,173 ,0 ,1125 ,613 ,14 ,60 
540 ,0 ,0 ,173 ,0 ,1125 ,613 ,28 ,67 
540 ,0 ,0 ,173 ,0 ,1125 ,613 ,90 ,70 
540 ,0 ,0 ,173 ,0 ,1125 ,613 ,180 ,72 
540 ,0 ,0 ,173 ,0 ,1125 ,613 ,270 ,74 
350 ,0 ,0 ,203 ,0 ,974 ,775 ,7 ,18 
350 ,0 ,0 ,203 ,0 ,974 ,775 ,14 ,23 
350 ,0 ,0 ,203 ,0 ,974 ,775 ,28 ,27 
350 ,0 ,0 ,203 ,0 ,974 ,775 ,56 ,30 
350 ,0 ,0 ,203 ,0 ,974 ,775 ,90 ,31 
350 ,0 ,0 ,203 ,0 ,974 ,775 ,180 ,33 
385 ,0 ,0 ,186 ,0 ,966 ,763 ,1 ,6 
385 ,0 ,0 ,186 ,0 ,966 ,763 ,3 ,15 
385 ,0 ,0 ,186 ,0 ,966 ,763 ,7 ,23 
385 ,0 ,0 ,186 ,0 ,966 ,763 ,14 ,28 
385 ,0 ,0 ,186 ,0 ,966 ,763 ,28 ,31 
331 ,0 ,0 ,192 ,0 ,978 ,825 ,180 ,39 
331 ,0 ,0 ,192 ,0 ,978 ,825 ,360 ,41 
349 ,0 ,0 ,192 ,0 ,1047 ,806 ,3 ,15 
331 ,0 ,0 ,192 ,0 ,978 ,825 ,3 ,14 
382 ,0 ,0 ,186 ,0 ,1047 ,739 ,7 ,24 
382 ,0 ,0 ,186 ,0 ,1047 ,739 ,28 ,37 
382 ,0 ,0 ,186 ,0 ,1111 ,784 ,7 ,12 
281 ,0 ,0 ,186 ,0 ,1104 ,774 ,28 ,22 
339 ,0 ,0 ,185 ,0 ,1069 ,754 ,7 ,21 
339 ,0 ,0 ,185 ,0 ,1069 ,754 ,28 ,32 
295 ,0 ,0 ,185 ,0 ,1069 ,769 ,7 ,15 
295 ,0 ,0 ,185 ,0 ,1069 ,769 ,28 ,25 
238 ,0 ,0 ,185 ,0 ,1118 ,789 ,28 ,18 
296 ,0 ,0 ,192 ,0 ,1085 ,765 ,7 ,14 
296 ,0 ,0 ,192 ,0 ,1085 ,765 ,28 ,22 
296 ,0 ,0 ,192 ,0 ,1085 ,765 ,90 ,29 
331 ,0 ,0 ,192 ,0 ,879 ,825 ,3 ,14 
331 ,0 ,0 ,192 ,0 ,978 ,825 ,7 ,16 
331 ,0 ,0 ,192 ,0 ,978 ,825 ,28 ,31 
331 ,0 ,0 ,192 ,0 ,978 ,825 ,90 ,37 
349 ,0 ,0 ,192 ,0 ,1047 ,806 ,7 ,18 
349 ,0 ,0 ,192 ,0 ,1047 ,806 ,28 ,33 
349 ,0 ,0 ,192 ,0 ,1047 ,806 ,90 ,40 
349 ,0 ,0 ,192 ,0 ,1047 ,806 ,180 ,41 
349 ,0 ,0 ,192 ,0 ,1047 ,806 ,360 ,42 
302 ,0 ,0 ,203 ,0 ,974 ,817 ,14 ,18 
302 ,0 ,0 ,203 ,0 ,974 ,817 ,180 ,27 
525 ,0 ,0 ,189 ,0 ,1125 ,613 ,180 ,62 
500 ,0 ,0 ,200 ,0 ,1125 ,613 ,90 ,47 
500 ,0 ,0 ,200 ,0 ,1125 ,613 ,180 ,51 
500 ,0 ,0 ,200 ,0 ,1125 ,613 ,270 ,55 
540 ,0 ,0 ,173 ,0 ,1125 ,613 ,3 ,42 
252 ,0 ,0 ,185 ,0 ,1111 ,784 ,7 ,14 
252 ,0 ,0 ,185 ,0 ,1111 ,784 ,28 ,20 
339 ,0 ,0 ,185 ,0 ,1060 ,754 ,28 ,32 
393 ,0 ,0 ,192 ,0 ,940 ,758 ,3 ,19 
393 ,0 ,0 ,192 ,0 ,940 ,758 ,28 ,40 
393 ,0 ,0 ,192 ,0 ,940 ,758 ,90 ,49 
382 ,0 ,0 ,185 ,0 ,1047 ,739 ,7 ,24 
382 ,0 ,0 ,185 ,0 ,1047 ,739 ,28 ,37 
252 ,0 ,0 ,186 ,0 ,1111 ,784 ,7 ,12 
252 ,0 ,0 ,185 ,0 ,1111 ,784 ,28 ,20 
310 ,0 ,0 ,192 ,0 ,970 ,850 ,7 ,15 
310 ,0 ,0 ,192 ,0 ,970 ,850 ,28 ,28 
310 ,0 ,0 ,192 ,0 ,970 ,850 ,90 ,35 
310 ,0 ,0 ,192 ,0 ,970 ,850 ,180 ,37 
310 ,0 ,0 ,192 ,0 ,970 ,850 ,360 ,38 
525 ,0 ,0 ,189 ,0 ,1125 ,613 ,3 ,34 
525 ,0 ,0 ,189 ,0 ,1125 ,613 ,7 ,42 
525 ,0 ,0 ,189 ,0 ,1125 ,613 ,14 ,48 
525 ,0 ,0 ,189 ,0 ,1125 ,613 ,28 ,56 
525 ,0 ,0 ,189 ,0 ,1125 ,613 ,90 ,59 
525 ,0 ,0 ,189 ,0 ,1125 ,613 ,270 ,67 
322 ,0 ,0 ,203 ,0 ,974 ,800 ,14 ,21 
322 ,0 ,0 ,203 ,0 ,974 ,800 ,28 ,25 
322 ,0 ,0 ,203 ,0 ,974 ,800 ,180 ,30 
302 ,0 ,0 ,203 ,0 ,974 ,817 ,28 ,22 
397 ,0 ,0 ,185 ,0 ,1040 ,734 ,28 ,39 
480 ,0 ,0 ,192 ,0 ,936 ,721 ,3 ,24 
522 ,0 ,0 ,146 ,0 ,896 ,896 ,7 ,51 
522 ,0 ,0 ,146 ,0 ,896 ,896 ,28 ,75 
273 ,105 ,82 ,210 ,9 ,904 ,680 ,28 ,37 
162 ,190 ,148 ,179 ,19 ,838 ,741 ,28 ,34 
154 ,144 ,112 ,220 ,10 ,923 ,658 ,28 ,17 
147 ,115 ,89 ,202 ,9 ,860 ,829 ,28 ,20 
152 ,178 ,139 ,168 ,18 ,944 ,695 ,28 ,36 
310 ,143 ,111 ,168 ,22 ,914 ,651 ,28 ,34 
144 ,0 ,175 ,158 ,18 ,943 ,844 ,28 ,15 
304 ,140 ,0 ,214 ,6 ,895 ,722 ,28 ,33 
374 ,0 ,0 ,190 ,7 ,1013 ,730 ,28 ,39 
159 ,149 ,116 ,175 ,15 ,953 ,720 ,28 ,28 
153 ,239 ,0 ,200 ,6 ,1002 ,684 ,28 ,27 
310 ,143 ,0 ,168 ,10 ,914 ,804 ,28 ,45 
305 ,0 ,100 ,196 ,10 ,959 ,705 ,28 ,30 
151 ,0 ,184 ,167 ,12 ,991 ,772 ,28 ,16 
142 ,167 ,130 ,174 ,11 ,883 ,785 ,28 ,45 
298 ,137 ,107 ,201 ,6 ,878 ,655 ,28 ,54 
321 ,164 ,0 ,190 ,5 ,870 ,774 ,28 ,57 
366 ,187 ,0 ,191 ,7 ,824 ,757 ,28 ,66 
280 ,129 ,100 ,172 ,9 ,825 ,805 ,28 ,53 
252 ,97 ,76 ,194 ,8 ,835 ,821 ,28 ,33 
165 ,0 ,150 ,182 ,12 ,1023 ,729 ,28 ,18 
156 ,243 ,0 ,180 ,11 ,1022 ,698 ,28 ,37 
160 ,188 ,146 ,203 ,11 ,829 ,710 ,28 ,33 
298 ,0 ,107 ,186 ,6 ,879 ,815 ,28 ,43 
318 ,0 ,126 ,210 ,6 ,861 ,737 ,28 ,40 
287 ,121 ,94 ,188 ,9 ,904 ,696 ,28 ,42 
326 ,166 ,0 ,174 ,9 ,882 ,790 ,28 ,61 
356 ,0 ,142 ,193 ,11 ,801 ,778 ,28 ,41 
132 ,207 ,161 ,179 ,5 ,867 ,736 ,28 ,33 
322 ,149 ,0 ,186 ,8 ,951 ,709 ,28 ,52 
164 ,0 ,200 ,181 ,13 ,849 ,846 ,28 ,15 
314 ,0 ,113 ,170 ,10 ,925 ,783 ,28 ,39 
321 ,0 ,128 ,182 ,11 ,870 ,780 ,28 ,37 
140 ,164 ,128 ,237 ,6 ,869 ,656 ,28 ,35 
288 ,121 ,0 ,177 ,7 ,908 ,829 ,28 ,42 
298 ,0 ,107 ,210 ,11 ,880 ,744 ,28 ,32 
265 ,111 ,86 ,195 ,6 ,833 ,790 ,28 ,42 
160 ,250 ,0 ,168 ,12 ,1049 ,688 ,28 ,40 
166 ,260 ,0 ,183 ,13 ,859 ,827 ,28 ,38 
276 ,116 ,90 ,180 ,9 ,870 ,768 ,28 ,44 
322 ,0 ,116 ,196 ,10 ,818 ,813 ,28 ,31 
149 ,139 ,109 ,193 ,6 ,892 ,780 ,28 ,24 
159 ,187 ,0 ,176 ,11 ,990 ,789 ,28 ,33 
261 ,100 ,78 ,201 ,9 ,864 ,761 ,28 ,32 
237 ,92 ,71 ,247 ,6 ,853 ,695 ,28 ,29 
313 ,0 ,113 ,178 ,8 ,1002 ,689 ,28 ,37 
155 ,183 ,0 ,193 ,9 ,1047 ,697 ,28 ,18 
146 ,230 ,0 ,202 ,3 ,827 ,872 ,28 ,33 
296 ,0 ,107 ,221 ,11 ,819 ,778 ,28 ,31 
133 ,210 ,0 ,196 ,3 ,949 ,795 ,28 ,31 
313 ,145 ,0 ,178 ,8 ,867 ,824 ,28 ,44 
152 ,0 ,112 ,184 ,8 ,992 ,816 ,28 ,12 
153 ,145 ,113 ,178 ,8 ,1002 ,689 ,28 ,26 
140 ,133 ,103 ,200 ,7 ,916 ,753 ,28 ,36 
149 ,236 ,0 ,176 ,13 ,847 ,893 ,28 ,33 
300 ,0 ,120 ,212 ,10 ,878 ,728 ,28 ,24 
153 ,145 ,113 ,178 ,8 ,867 ,824 ,28 ,26 
148 ,0 ,137 ,158 ,16 ,1002 ,830 ,28 ,18 
326 ,0 ,138 ,199 ,11 ,801 ,792 ,28 ,41 
153 ,145 ,0 ,178 ,8 ,1000 ,822 ,28 ,19 
262 ,111 ,86 ,195 ,5 ,895 ,733 ,28 ,34 
158 ,0 ,195 ,220 ,11 ,898 ,713 ,28 ,9 
151 ,0 ,185 ,167 ,16 ,1074 ,678 ,28 ,14 
273 ,0 ,90 ,199 ,11 ,931 ,762 ,28 ,32 
149 ,118 ,92 ,183 ,7 ,953 ,780 ,28 ,24 
143 ,169 ,143 ,191 ,8 ,967 ,643 ,28 ,30 
260 ,101 ,78 ,171 ,10 ,936 ,763 ,28 ,50 
313 ,161 ,0 ,178 ,10 ,917 ,759 ,28 ,52 
284 ,120 ,0 ,168 ,7 ,970 ,794 ,28 ,41 
336 ,0 ,0 ,182 ,3 ,986 ,817 ,28 ,45 
145 ,0 ,134 ,181 ,11 ,979 ,812 ,28 ,13 
150 ,237 ,0 ,174 ,12 ,1069 ,675 ,28 ,37 
144 ,170 ,133 ,192 ,8 ,814 ,805 ,28 ,30 
331 ,170 ,0 ,195 ,8 ,811 ,802 ,28 ,57 
155 ,0 ,143 ,193 ,9 ,1047 ,697 ,28 ,13 
155 ,183 ,0 ,193 ,9 ,877 ,868 ,28 ,24 
135 ,0 ,166 ,180 ,10 ,961 ,805 ,28 ,13 
266 ,112 ,87 ,178 ,10 ,910 ,745 ,28 ,39 
314 ,145 ,113 ,179 ,8 ,869 ,690 ,28 ,46 
313 ,145 ,0 ,127 ,8 ,1000 ,822 ,28 ,45 
146 ,173 ,0 ,182 ,3 ,986 ,817 ,28 ,24 
144 ,136 ,106 ,178 ,7 ,941 ,774 ,28 ,26 
148 ,0 ,182 ,181 ,15 ,839 ,884 ,28 ,16 
277 ,117 ,91 ,191 ,7 ,946 ,666 ,28 ,44 
298 ,0 ,107 ,164 ,13 ,953 ,784 ,28 ,36 
313 ,145 ,0 ,178 ,8 ,1002 ,689 ,28 ,41 
155 ,184 ,143 ,194 ,9 ,880 ,699 ,28 ,29 
289 ,134 ,0 ,195 ,6 ,924 ,760 ,28 ,46 
148 ,175 ,0 ,171 ,2 ,1000 ,828 ,28 ,27 
145 ,0 ,179 ,202 ,8 ,824 ,869 ,28 ,11 
313 ,0 ,0 ,178 ,8 ,1000 ,822 ,28 ,25 
136 ,162 ,126 ,172 ,10 ,923 ,764 ,28 ,29 
155 ,0 ,143 ,193 ,9 ,877 ,868 ,28 ,10 
255 ,99 ,77 ,189 ,6 ,919 ,749 ,28 ,34 
162 ,207 ,172 ,216 ,10 ,822 ,638 ,28 ,40 
136 ,196 ,98 ,199 ,6 ,847 ,783 ,28 ,27 
164 ,163 ,128 ,197 ,8 ,961 ,641 ,28 ,27 
162 ,214 ,164 ,202 ,10 ,820 ,680 ,28 ,31 
157 ,214 ,152 ,200 ,9 ,819 ,704 ,28 ,33 
149 ,153 ,194 ,192 ,8 ,935 ,623 ,28 ,25 
135 ,105 ,193 ,196 ,6 ,965 ,643 ,28 ,22 
159 ,209 ,161 ,201 ,7 ,848 ,669 ,28 ,31 
144 ,15 ,195 ,176 ,6 ,1021 ,709 ,28 ,15 
154 ,174 ,185 ,228 ,7 ,845 ,612 ,28 ,24 
167 ,187 ,195 ,185 ,7 ,898 ,636 ,28 ,24 
184 ,86 ,190 ,213 ,6 ,923 ,623 ,28 ,23 
156 ,178 ,187 ,221 ,7 ,854 ,614 ,28 ,29 
237 ,92 ,72 ,247 ,6 ,853 ,695 ,28 ,29 
313 ,0 ,113 ,179 ,8 ,1002 ,689 ,28 ,37 
155 ,183 ,0 ,193 ,9 ,1047 ,697 ,28 ,18 
146 ,231 ,0 ,203 ,3 ,827 ,872 ,28 ,33 
296 ,0 ,107 ,221 ,11 ,819 ,778 ,28 ,31 
133 ,210 ,0 ,196 ,3 ,949 ,795 ,28 ,29 
313 ,145 ,0 ,179 ,8 ,867 ,824 ,28 ,41 
152 ,0 ,112 ,184 ,8 ,992 ,816 ,28 ,12 
153 ,145 ,113 ,179 ,8 ,1002 ,689 ,28 ,26 
140 ,133 ,103 ,200 ,7 ,916 ,753 ,28 ,36 
150 ,236 ,0 ,176 ,13 ,847 ,893 ,28 ,33 
300 ,0 ,120 ,212 ,10 ,878 ,728 ,28 ,24 
153 ,145 ,113 ,179 ,8 ,867 ,824 ,28 ,26 
148 ,0 ,137 ,158 ,16 ,1002 ,830 ,28 ,18 
327 ,0 ,138 ,199 ,11 ,801 ,793 ,28 ,39 
153 ,145 ,0 ,178 ,8 ,1000 ,822 ,28 ,19 
262 ,111 ,86 ,195 ,5 ,895 ,733 ,28 ,34 
158 ,0 ,195 ,220 ,11 ,898 ,713 ,28 ,9 
151 ,0 ,185 ,167 ,16 ,1075 ,678 ,28 ,14 
273 ,0 ,90 ,199 ,11 ,931 ,762 ,28 ,32 
149 ,118 ,92 ,183 ,7 ,953 ,780 ,28 ,24 
143 ,169 ,143 ,191 ,8 ,967 ,644 ,28 ,30 
260 ,101 ,78 ,171 ,10 ,936 ,763 ,28 ,50 
313 ,161 ,0 ,178 ,10 ,917 ,760 ,28 ,52 
284 ,120 ,0 ,168 ,7 ,970 ,794 ,28 ,41 
337 ,0 ,0 ,182 ,3 ,986 ,817 ,28 ,45 
145 ,0 ,134 ,181 ,11 ,980 ,812 ,28 ,13 
150 ,237 ,0 ,174 ,12 ,1069 ,675 ,28 ,37 
144 ,170 ,133 ,192 ,9 ,814 ,805 ,28 ,30 
331 ,170 ,0 ,195 ,8 ,811 ,802 ,28 ,57 
155 ,0 ,143 ,193 ,9 ,1047 ,697 ,28 ,13 
155 ,183 ,0 ,193 ,9 ,877 ,868 ,28 ,24 
135 ,0 ,166 ,180 ,10 ,961 ,805 ,28 ,13 
266 ,112 ,88 ,178 ,10 ,910 ,745 ,28 ,39 
314 ,145 ,113 ,179 ,8 ,869 ,690 ,28 ,46 
313 ,145 ,0 ,127 ,8 ,1000 ,822 ,28 ,45 
146 ,173 ,0 ,182 ,3 ,986 ,817 ,28 ,24 
144 ,136 ,106 ,178 ,8 ,942 ,774 ,28 ,26 
148 ,0 ,182 ,181 ,15 ,839 ,884 ,28 ,16 
277 ,117 ,91 ,191 ,7 ,947 ,666 ,28 ,44 
298 ,0 ,108 ,164 ,13 ,953 ,784 ,28 ,36 
313 ,145 ,0 ,179 ,8 ,1002 ,689 ,28 ,41 
155 ,184 ,143 ,194 ,9 ,880 ,699 ,28 ,29 
289 ,134 ,0 ,195 ,6 ,924 ,760 ,28 ,46 
148 ,175 ,0 ,171 ,2 ,1000 ,829 ,28 ,27 
145 ,0 ,179 ,202 ,8 ,824 ,869 ,28 ,11 
313 ,0 ,0 ,178 ,8 ,1000 ,822 ,28 ,25 
136 ,162 ,126 ,172 ,10 ,923 ,764 ,28 ,29 
155 ,0 ,143 ,193 ,9 ,877 ,868 ,28 ,10 
255 ,99 ,77 ,189 ,7 ,919 ,749 ,28 ,34 
273 ,105 ,82 ,210 ,9 ,904 ,680 ,28 ,37 
162 ,190 ,148 ,179 ,19 ,838 ,741 ,28 ,34 
154 ,144 ,112 ,220 ,10 ,923 ,658 ,28 ,17 
147 ,115 ,89 ,202 ,9 ,860 ,830 ,28 ,20 
152 ,178 ,139 ,168 ,18 ,944 ,695 ,28 ,36 
310 ,143 ,111 ,168 ,22 ,914 ,651 ,28 ,38 
144 ,0 ,175 ,158 ,18 ,943 ,845 ,28 ,15 
304 ,140 ,0 ,214 ,6 ,896 ,723 ,28 ,33 
374 ,0 ,0 ,190 ,7 ,1013 ,730 ,28 ,39 
159 ,149 ,116 ,175 ,15 ,953 ,720 ,28 ,28 
153 ,239 ,0 ,200 ,6 ,1002 ,684 ,28 ,27 
310 ,143 ,0 ,168 ,10 ,914 ,804 ,28 ,45 
305 ,0 ,100 ,196 ,10 ,959 ,705 ,28 ,30 
151 ,0 ,184 ,167 ,12 ,991 ,772 ,28 ,16 
142 ,167 ,130 ,174 ,11 ,883 ,785 ,28 ,45 
298 ,137 ,107 ,201 ,6 ,878 ,655 ,28 ,54 
321 ,164 ,0 ,191 ,5 ,870 ,774 ,28 ,57 
366 ,187 ,0 ,191 ,7 ,824 ,757 ,28 ,66 
280 ,129 ,100 ,172 ,10 ,825 ,805 ,28 ,53 
252 ,97 ,76 ,194 ,8 ,836 ,821 ,28 ,33 
165 ,0 ,150 ,182 ,12 ,1023 ,729 ,28 ,18 
156 ,244 ,0 ,180 ,11 ,1022 ,698 ,28 ,37 
160 ,188 ,146 ,203 ,11 ,829 ,710 ,28 ,35 
298 ,0 ,107 ,186 ,6 ,879 ,815 ,28 ,43 
318 ,0 ,127 ,210 ,6 ,861 ,737 ,28 ,40 
287 ,121 ,94 ,188 ,9 ,904 ,696 ,28 ,44 
326 ,166 ,0 ,174 ,9 ,882 ,790 ,28 ,61 
356 ,0 ,142 ,193 ,11 ,801 ,778 ,28 ,41 
132 ,207 ,161 ,179 ,6 ,867 ,736 ,28 ,33 
323 ,149 ,0 ,186 ,9 ,951 ,710 ,28 ,52 
164 ,0 ,200 ,181 ,13 ,849 ,846 ,28 ,15 
314 ,0 ,113 ,170 ,10 ,925 ,783 ,28 ,39 
321 ,0 ,128 ,183 ,12 ,870 ,780 ,28 ,37 
140 ,164 ,128 ,237 ,6 ,869 ,656 ,28 ,35 
288 ,121 ,0 ,177 ,7 ,908 ,830 ,28 ,42 
298 ,0 ,107 ,210 ,11 ,880 ,744 ,28 ,32 
265 ,111 ,87 ,196 ,6 ,833 ,790 ,28 ,42 
160 ,250 ,0 ,168 ,12 ,1049 ,688 ,28 ,40 
166 ,260 ,0 ,183 ,13 ,859 ,827 ,28 ,38 
276 ,116 ,90 ,180 ,9 ,870 ,768 ,28 ,44 
322 ,0 ,116 ,196 ,10 ,818 ,813 ,28 ,31 
149 ,139 ,109 ,193 ,6 ,892 ,780 ,28 ,24 
159 ,187 ,0 ,176 ,11 ,990 ,789 ,28 ,33 
261 ,101 ,78 ,201 ,9 ,865 ,762 ,28 ,32 
